requested_symbol,news_id,content_type,title,summary,published_at,publisher,canonical_url,click_url,related_tickers,query_relevance_heuristic,source,sentiment_label,sentiment_score,topic_label,impact_score,relevance_score,is_relevant,week_end
QQQ,5049005f-fd95-38b6-bb82-ae3b1b22598f,STORY,Should You Buy the Invesco QQQ ETF During the Stock Market Sell-Off? History Offers a Clear Answer.,Stock market volatility is a normal part of the investing journey.,2026-03-23 08:50:00+00:00,Motley Fool,https://www.fool.com/investing/2026/03/23/should-buy-invesco-qqq-etf-stock-sell-off-history/,https://finance.yahoo.com/markets/stocks/articles/buy-invesco-qqq-etf-during-085000083.html,premiumFinance,1,enriched_from_yahoo_news_latest,neutral,0.0,market_technical_flow,2,2,1,2026-03-27
GLD,4c3cbc99-60e1-32f5-b0ee-dc44d416e485,STORY,Gold Eyes Worst Month Against Oil Since 1973; Mining Stocks Slump Most Since 2008,"A movement unseen since the Arab oil embargo is reshaping commodity markets — and the longer the Iran war and the Hormuz blockade hold, the deeper the damage runs. Gold prices are facing their worst monthly performance against Brent crude since December 1973 — and the shockwave is tearing through the mining sector with historic force. Gold-Oil Ratio Crashes 43% — Worst Monthly Drop Since 1973 Gold, tracked by the SPDR Gold Shares, is down 13% month-to-date, falling to $4,580 per ounce as of Thur",2026-03-22 19:31:10+00:00,Benzinga,https://finance.yahoo.com/markets/commodities/articles/gold-eyes-worst-month-against-193110100.html,https://finance.yahoo.com/markets/commodities/articles/gold-eyes-worst-month-against-193110100.html,premiumFinance,0,enriched_from_yahoo_news_latest,negative,-0.3333333333333333,geopolitics_policy,3,1,1,2026-03-27
SPY,823bc14a-1cc8-3341-bcf4-d26e038cb3cf,STORY,MIDD’s $3.3B Restructuring: A Leaner Company Chasing a Higher Stock Price,"Middleby Corporation (MIDD) Middleby Corporation (NASDAQ:MIDD) is in the middle of its most aggressive restructuring in decades, and the stock’s reaction tells a complicated story. Despite completing a $885 million divestiture of its Residential Kitchen business and preparing a Food Processing spin-off for Q2 2026, shares have dropped 15.53% over the past month and trade ... MIDD’s $3.3B Restructuring: A Leaner Company Chasing a Higher Stock Price",2026-03-22 14:54:33+00:00,24/7 Wall St.,https://247wallst.com/investing/2026/03/22/midds-3-3b-restructuring-a-leaner-company-chasing-a-higher-stock-price/,https://finance.yahoo.com/markets/stocks/articles/midd-3-3b-restructuring-leaner-145433586.html,premiumFinance,0,enriched_from_yahoo_news_latest,negative,-1.0,other,1,0,0,2026-03-27
QQQ,eeafe434-c810-3789-99b6-e5da985dbad8,STORY,NexGen Energy Up 123% This Past Year as Investor Adds $7.3 Million Before Major Approval,"Canadian-based NexGen Energy advances uranium exploration and development, anchored by its flagship Rook I project in Saskatchewan.",2026-03-22 13:31:21+00:00,Motley Fool,https://www.fool.com/coverage/filings/2026/03/22/nexgen-energy-up-123-this-past-year-as-investor-adds-usd7-3-million-before-major-approval/,https://finance.yahoo.com/markets/stocks/articles/nexgen-energy-123-past-investor-133121068.html,premiumFinance,0,enriched_from_yahoo_news_latest,neutral,0.0,other,1,0,0,2026-03-27
QQQ,bb42235a-4b01-3ebc-8526-6df04c704ab0,STORY,USA Compression Partners Eyes Debt Reduction as Record Cash Flow Powers 1.6x Coverage Target,"One of the largest independent providers of natural gas compression services, USA Compression Partners (NYSE:USAC) has rallied 24.61% year-to-date through mid-March 20, 2026, powered by record cash flow and the January 12, 2026, close of the J-W Power acquisition. The central question for income investors: Is a 1.6x-plus distribution coverage target cited at an investor ... USA Compression Partners Eyes Debt Reduction as Record Cash Flow Powers 1.6x Coverage Target",2026-03-22 11:52:26+00:00,24/7 Wall St.,https://247wallst.com/investing/2026/03/22/usa-compression-partners-eyes-debt-reduction-as-record-cash-flow-powers-1-6x-coverage-target/,https://finance.yahoo.com/markets/stocks/articles/usa-compression-partners-eyes-debt-115226282.html,premiumFinance,0,enriched_from_yahoo_news_latest,neutral,0.0,market_technical_flow,1,0,0,2026-03-27
SPY,bb42235a-4b01-3ebc-8526-6df04c704ab0,STORY,USA Compression Partners Eyes Debt Reduction as Record Cash Flow Powers 1.6x Coverage Target,"One of the largest independent providers of natural gas compression services, USA Compression Partners (NYSE:USAC) has rallied 24.61% year-to-date through mid-March 20, 2026, powered by record cash flow and the January 12, 2026, close of the J-W Power acquisition. The central question for income investors: Is a 1.6x-plus distribution coverage target cited at an investor ... USA Compression Partners Eyes Debt Reduction as Record Cash Flow Powers 1.6x Coverage Target",2026-03-22 11:52:26+00:00,24/7 Wall St.,https://247wallst.com/investing/2026/03/22/usa-compression-partners-eyes-debt-reduction-as-record-cash-flow-powers-1-6x-coverage-target/,https://finance.yahoo.com/markets/stocks/articles/usa-compression-partners-eyes-debt-115226282.html,premiumFinance,0,enriched_from_yahoo_news_latest,neutral,0.0,market_technical_flow,1,0,0,2026-03-27
QQQ,7379037d-144d-37ba-92fc-a25820fb5aee,STORY,This Fidelity Growth ETF Is Quietly Outperforming Just About Everything,"Most large-cap growth investors default to QQQ or VUG and never look back. That instinct is reasonable, but it has cost them returns over the past year. Fidelity Fundamental Large Cap Growth ETF (NYSEARCA:FFLG) returned 27% over the trailing twelve months, while Invesco QQQ Trust (NASDAQ:QQQ) returned 25% and Vanguard Growth ETF (NYSEARCA:VUG) returned 21% ... This Fidelity Growth ETF Is Quietly Outperforming Just About Everything",2026-03-22 11:02:31+00:00,24/7 Wall St.,https://247wallst.com/investing/2026/03/22/this-fidelity-growth-etf-is-quietly-outperforming-just-about-everything/,https://finance.yahoo.com/markets/stocks/articles/fidelity-growth-etf-quietly-outperforming-110231709.html,premiumFinance,1,enriched_from_yahoo_news_latest,positive,1.0,growth_earnings,1,1,1,2026-03-27
SPY,11c49dda-c663-3729-aa65-a16f8979fb95,STORY,Exclusively Mitigating Market Volatility For Yield Through SVOL,"Simplify Volatility Premium ETF (NYSEARCA:SVOL) pays a 21.2% dividend yield by doing something most income funds avoid entirely: systematically shorting volatility. With the VIX sitting at 25.09 as of March 18, 2026 and climbing, the core risk baked into this fund deserves a close look. What SVOL Actually Does SVOL targets roughly -0.2x to -0.3x ... Exclusively Mitigating Market Volatility For Yield Through SVOL",2026-03-22 09:59:48+00:00,24/7 Wall St.,https://247wallst.com/investing/2026/03/22/exclusively-mitigating-market-volatility-for-yield-through-svol/,https://finance.yahoo.com/markets/options/articles/exclusively-mitigating-market-volatility-yield-095948379.html,premiumFinance,0,enriched_from_yahoo_news_latest,negative,-1.0,inflation_rates,3,1,1,2026-03-27
GLD,2166b4e2-da6a-3d95-a5d0-c82c93e91fcc,STORY,Better Asset to Buy Now With $500 and Hold for 3 Years: Bitcoin vs. Gold,"We live in interesting times, and these assets are built for exactly that.",2026-03-22 04:50:00+00:00,Motley Fool,https://www.fool.com/investing/2026/03/22/better-asset-to-buy-now-with-500-and-hold-for-3-ye/,https://finance.yahoo.com/markets/commodities/articles/better-asset-buy-now-500-045000521.html,premiumFinance,0,enriched_from_yahoo_news_latest,neutral,0.0,other,1,0,0,2026-03-27
SPY,7f2c7519-bd4b-3842-8aad-ff62286c6da6,STORY,"This 1 ETF Keeps Outrallying the SPY, While Also Losing Less During Downturns","Most investors who want broad U.S. equity exposure reach for SPDR S&P 500 ETF Trust (NYSEARCA:SPY). It is the default. But a lesser-known fund built entirely from stocks already inside the S&P 500 has quietly delivered stronger returns over virtually every meaningful time horizon, while also holding up better when markets fall. That fund is ... This 1 ETF Keeps Outrallying the SPY, While Also Losing Less During Downturns",2026-03-21 12:21:49+00:00,24/7 Wall St.,https://247wallst.com/investing/2026/03/21/this-1-etf-keeps-outrallying-the-spy-while-also-losing-less-during-downturns/,https://finance.yahoo.com/markets/stocks/articles/1-etf-keeps-outrallying-spy-122149335.html,premiumFinance,1,enriched_from_yahoo_news_latest,positive,1.0,market_technical_flow,1,1,1,2026-03-27
SPY,ca9116fc-a73e-3905-bd71-aa5d0b4dfb31,STORY,Who’s Right on Arbor Realty? Insiders Load Up While Bears Circle,"Founded in 1991, Arbor Realty Trust (NYSE:ABR) sits at the center of one of the sharpest disagreements in the REIT sector: insiders are buying aggressively, while short-sellers have built a formidable position betting against it. The Short-Seller Position Nearly 47.24 million shares are sold short, representing 29.09% of the float, with 9.85 days to cover, ... Who’s Right on Arbor Realty? Insiders Load Up While Bears Circle",2026-03-21 12:00:49+00:00,24/7 Wall St.,https://247wallst.com/investing/2026/03/21/whos-right-on-arbor-realty-insiders-load-up-while-bears-circle/,https://finance.yahoo.com/markets/stocks/articles/arbor-realty-insiders-load-while-120049705.html,premiumFinance,0,enriched_from_yahoo_news_latest,positive,1.0,other,1,0,0,2026-03-27
SPY,d01cde5e-055b-37b0-9925-4facf43a7235,STORY,NNN REIT’s 36-Year Dividend Streak Meets Its Toughest Test Yet,"Few REITs can claim what NNN REIT (NYSE:NNN) has quietly built over three and a half decades: a dividend raised every single year since 1990, through two recessions, a global pandemic, and the sharpest rate-hiking cycle in a generation. With occupancy having improved to 98.3% in Q4 2025 and the stock trading near $42.46 as ... NNN REIT’s 36-Year Dividend Streak Meets Its Toughest Test Yet",2026-03-21 11:36:49+00:00,24/7 Wall St.,https://247wallst.com/investing/2026/03/21/nnn-reits-36-year-dividend-streak-meets-its-toughest-test-yet/,https://finance.yahoo.com/markets/stocks/articles/nnn-reit-36-dividend-streak-113649534.html,premiumFinance,0,enriched_from_yahoo_news_latest,positive,0.3333333333333333,inflation_rates,2,1,1,2026-03-27
GLD,b9727493-9820-3e65-8dfa-807d4e0d98bc,STORY,World Gold Council Releases Framework for Tokenized Gold,"The World Gold Council, in strategic partnership with Boston Consulting Group, announced on Thursday the launch of a new framework designed to standardize the issuance and management of tokenized gold products. Dubbed “Gold as a Service,” the initiative aims to build a shared infrastructure that connects physical gold custody directly ...",2026-03-21 11:18:47+00:00,Coinspeaker,https://www.coinspeaker.com/world-gold-council-releases-tokenized-gold-framework/,https://finance.yahoo.com/markets/crypto/articles/world-gold-council-releases-framework-111847754.html,premiumFinance,0,enriched_from_yahoo_news_latest,neutral,0.0,inflation_rates,1,0,0,2026-03-27
SPY,cb496a21-9104-318c-9ef1-41824620159d,STORY,"Small-Cap Oil Producer Hits 50 Consecutive Dividends With a 10.6% Yield, But the Cushion Is Thin","Founded in 2003, Evolution Petroleum (NYSE:EPM) is focused on developing and producing onshore oil and natural gas properties in the US and just declared its 50th consecutive quarterly dividend, a milestone that puts it in rare company among small-cap energy producers. With the stock at $4.48 and the annualized payout at $0.48 per share, the ... Small-Cap Oil Producer Hits 50 Consecutive Dividends With a 10.6% Yield, But the Cushion Is Thin",2026-03-21 11:00:24+00:00,24/7 Wall St.,https://247wallst.com/investing/2026/03/21/small-cap-oil-producer-hits-50-consecutive-dividends-with-a-10-6-yield-but-the-cushion-is-thin/,https://finance.yahoo.com/sectors/energy/articles/small-cap-oil-producer-hits-110024851.html,premiumFinance,0,enriched_from_yahoo_news_latest,negative,-1.0,inflation_rates,2,1,1,2026-03-27
SPY,c374b0b3-2779-3c1e-acb4-be0870beb455,STORY,The VT ETF Might Be Smarter Than the S&P 500 Right Now | VOO SPY VT,The S&P 500 is down 3% year-to-date in 2026. Vanguard Total World Stock Index Fund ETF Shares (NYSEARCA:VT) is down less than 1% over the same period. That gap is not a coincidence. It reflects what happens when a portfolio holds the whole world instead of just one corner of it. What VT Actually Does ... The VT ETF Might Be Smarter Than the S&P 500 Right Now | VOO SPY VT,2026-03-21 10:14:21+00:00,24/7 Wall St.,https://247wallst.com/investing/2026/03/21/the-vt-etf-might-be-smarter-than-the-sp-500-right-now-voo-spy-vt/,https://finance.yahoo.com/markets/stocks/articles/vt-etf-might-smarter-p-101421393.html,premiumFinance,1,enriched_from_yahoo_news_latest,neutral,0.0,other,1,1,1,2026-03-27
SPY,2b5fe2e6-16cb-3a90-a4b8-c7d6488680e4,STORY,The Core Question for Freshworks Investors: Does a $400 Million Buyback Matter If AI Breaks the Business Model?,"Helping over 74,000 businesses like Sony and Bridgestone, Freshworks, which provides AI-powered, cloud-based software (NASDAQ:FRSH) is trading at $8.01, down 34.61% year-to-date and 47.37% over the past year. Against that backdrop, management just authorized a $400 million share repurchase program on February 26, 2026. The stock jumped 15.9% on March 4 following the announcement, then ... The Core Question for Freshworks Investors: Does a $400 Million Buyback Matter If AI Breaks the Business Mod",2026-03-21 10:00:00+00:00,24/7 Wall St.,https://247wallst.com/investing/2026/03/21/the-core-question-for-freshworks-investors-does-a-400-million-buyback-matter-if-ai-breaks-the-business-model/,https://finance.yahoo.com/markets/stocks/articles/core-freshworks-investors-does-400-100000287.html,premiumFinance,0,enriched_from_yahoo_news_latest,positive,0.3333333333333333,geopolitics_policy,2,1,1,2026-03-27
SPY,3bbdaaa5-5809-3e42-8a11-c98255b9d76f,STORY,Why ZIM Shares Trade $7 Below Hapag-Lloyd’s Offer Price,"A well-known Israeli shipping company, ZIM Integrated Shipping Services (NYSE:ZIM) is trading at $27.41, against the $35.00 per share cash offer from Hapag-Lloyd. The spread between the current price and the offer price is not noise, as the market is pricing in the real possibility that this deal will never close. ZIM Integrated Shipping Services ... Why ZIM Shares Trade $7 Below Hapag-Lloyd’s Offer Price",2026-03-21 09:00:32+00:00,24/7 Wall St.,https://247wallst.com/investing/2026/03/21/why-zim-shares-trade-7-below-hapag-lloyds-offer-price/,https://finance.yahoo.com/markets/stocks/articles/why-zim-shares-trade-7-090032754.html,premiumFinance,0,enriched_from_yahoo_news_latest,positive,1.0,inflation_rates,1,0,0,2026-03-27
SPY,f3f95790-26ef-385b-84c3-6098bb03675a,STORY,What if Warsh is not confirmed as Fed Chair by May 15?,Investing.com -- The Federal Reserve is facing a profound institutional crisis as a deepening legal standoff with the Department of Justice (DOJ) threatens to upend the leadership transition of Chair Jerome Powell.,2026-03-21 01:00:49+00:00,Investing.com,https://finance.yahoo.com/economy/policy/articles/barclays-warns-succession-risks-fed-010049435.html,https://finance.yahoo.com/economy/policy/articles/barclays-warns-succession-risks-fed-010049435.html,premiumFinance,0,enriched_from_yahoo_news_latest,neutral,0.0,inflation_rates,3,1,1,2026-03-27
SPY,67cc1589-abe5-3ecc-bd60-28b69837be3b,STORY,March Madness Sees The S&P 500 Master The Art Of 'The Head Fake',"In that regard, the S&P 500 seems to be an excellent point guard, creating multiple fakes that are keeping investors off balance.  Consider the State Street SPDR S&P 500 exchange traded fund.  It tracks the S&P 500, allowing investors to gain exposure to the index of 500 stocks with a single trade.",2026-03-20 21:00:43+00:00,Investor's Business Daily,https://www.investors.com/research/swing-trading/sp-500-masters-head-fake-march-madness/?src=A00220&yptr=yahoo,,premiumFinance,0,enriched_from_yahoo_news_latest,positive,1.0,other,1,0,0,2026-03-20
SPY,fbb5872f-056f-38e5-88f8-fc2074e7b0af,STORY,The S&P 500 Broke Its 200-Day Moving Average—Here's What to Expect,"The S&P 500’s break below its 200-day average is a red flag, but whether it stays below, or quickly recovers, will determine how bad this could get.",2026-03-20 20:40:00+00:00,MarketBeat,https://www.marketbeat.com/originals/the-s-and-p-500-broke-its-200-day-moving-averageheres-what-to-expect/?utm_source=yahoofinance&utm_medium=yahoofinance,https://finance.yahoo.com/markets/stocks/articles/p-500-broke-200-day-204000849.html,premiumFinance,0,enriched_from_yahoo_news_latest,neutral,0.0,other,1,0,0,2026-03-20
QQQ,4de9f37d-b2bd-396c-b59c-7a91d924e1f2,STORY,Coinbase Launches 24/7 Perpetual Futures Trading for Major U.S. Stocks and ETFs,Coinbase International customers can now ape stock-linked perpetual futures with up to 20x leverage at any time.,2026-03-20 18:52:38+00:00,Bankless,https://www.bankless.com/read/news/coinbase-launches-24-7-perpetual-futures-trading-for-major-u-s-stocks-and-etfs,https://finance.yahoo.com/markets/crypto/articles/coinbase-launches-24-7-perpetual-185238663.html,premiumFinance,0,enriched_from_yahoo_news_latest,neutral,0.0,other,1,0,0,2026-03-20
GLD,f4524b8d-d2cc-3e9b-b528-5dcd9b79d7ad,STORY,Update: Gold Drops to a Two-Month Low as the Dollar and Yields Rise,"(Updates prices.) Gold traded lower midafternoon Friday, falling to a two-month low as the dollar",2026-03-20 18:00:11+00:00,MT Newswires,https://finance.yahoo.com/markets/commodities/articles/gold-drops-two-month-low-180011367.html,https://finance.yahoo.com/markets/commodities/articles/gold-drops-two-month-low-180011367.html,premiumFinance,0,enriched_from_yahoo_news_latest,negative,-0.3333333333333333,inflation_rates,1,0,0,2026-03-20
GLD,d891b99e-afa7-3fdd-831f-634d2011758a,STORY,"Gold Is Back Under $5,000, And This ETF May Be The Best Bet On A Rebound Run Higher","Gold crossed $5,000 per ounce for the first time in history in January, but has since pulled back below that threshold and now trades below $4,600 per ounce. For investors who want exposure without storing a single bar, iShares Gold Trust (NYSEARCA:IAU) offers one of the cleanest, most cost-efficient ways to track gold’s price. With ... Gold Is Back Under $5,000, And This ETF May Be The Best Bet On A Rebound Run Higher",2026-03-20 17:55:28+00:00,24/7 Wall St.,https://247wallst.com/investing/2026/03/20/gold-back-under-5000-is-this-the-best-etf-to-buy-for-its-next-run-higher/,https://finance.yahoo.com/markets/commodities/articles/gold-back-under-5-000-175528606.html,premiumFinance,0,enriched_from_yahoo_news_latest,positive,1.0,other,1,0,0,2026-03-20
SPY,e65da8c3-8325-347b-b56f-8ec735b404b0,STORY,Accenture Stock Gets 2 Price Target Cuts Today — Is the AI Revenue Story Falling Apart?,"Accenture (NYSE:ACN) beat earnings estimates again on Thursday, raised full-year guidance, and posted record bookings. The stock still fell sharply. That disconnect is precisely what has two Wall Street firms cutting their price targets today, and it points to a deeper question about whether AI is actually driving new revenue growth at Accenture, or quietly ... Accenture Stock Gets 2 Price Target Cuts Today — Is the AI Revenue Story Falling Apart?",2026-03-20 17:46:53+00:00,24/7 Wall St.,https://247wallst.com/investing/2026/03/20/accenture-stock-gets-2-price-target-cuts-today-is-the-ai-revenue-story-falling-apart/,https://finance.yahoo.com/markets/stocks/articles/accenture-stock-gets-2-price-174653127.html,premiumFinance,0,enriched_from_yahoo_news_latest,positive,0.2,growth_earnings,2,1,1,2026-03-20
GLD,c563bd70-99c6-3c04-811f-016b591d18a9,STORY,Gold Heads for Biggest Weekly Loss in Six Years as Prices Drop Over 7%,"Bullion trades near $4,660 as energy-driven inflation fears reduce expectations for interest-rate cuts and pressure safe-haven demand.",2026-03-20 17:08:52+00:00,GuruFocus.com,https://finance.yahoo.com/markets/commodities/articles/gold-heads-biggest-weekly-loss-170852461.html,https://finance.yahoo.com/markets/commodities/articles/gold-heads-biggest-weekly-loss-170852461.html,premiumFinance,0,enriched_from_yahoo_news_latest,negative,-1.0,inflation_rates,2,1,1,2026-03-20
QQQ,1c5d0192-5d95-38b4-9614-7819c39cc712,STORY,Exchange-Traded Funds Decline as US Equities Point Lower After Midday,Broad Market Indicators Broad-market exchange-traded funds IWM and IVV fell. Actively traded Inve,2026-03-20 17:06:39+00:00,MT Newswires,https://finance.yahoo.com/markets/articles/exchange-traded-funds-decline-us-170639705.html,https://finance.yahoo.com/markets/articles/exchange-traded-funds-decline-us-170639705.html,premiumFinance,0,enriched_from_yahoo_news_latest,negative,-1.0,other,1,0,0,2026-03-20
SPY,9ce4fdc7-2303-3403-901e-bd60e14ae993,STORY,The Only S&P 500 ETF You Need in 2026 and It’s Not the One You Think,"SPDR S&P 500 ETF Trust (NYSEARCA:SPY) out of habit. It was the first U.S. ETF, it dominates options trading, and its name recognition is unmatched. But for investors simply buying and holding the S&P 500, that habit is quietly costing them money every year. The Case for IVV Over SPY iShares Core S&P 500 ETF ... The Only S&P 500 ETF You Need in 2026 and It’s Not the One You Think",2026-03-20 15:42:03+00:00,24/7 Wall St.,https://247wallst.com/investing/2026/03/20/the-only-sp-500-etf-you-need-in-2026-and-its-not-the-one-you-think/,https://finance.yahoo.com/markets/stocks/articles/only-p-500-etf-2026-154203467.html,premiumFinance,1,enriched_from_yahoo_news_latest,neutral,0.0,other,1,1,1,2026-03-20
QQQ,12a77d6a-fdbc-3e8e-8e54-8afda9d4b91f,STORY,The Nasdaq Sinks As Super Micro AI Chip Smuggling to China Takes Center Stage | SMCI IXIC,"The Nasdaq composite fell about 1% by mid-morning on Friday, March 20, 2026, dragged lower after federal prosecutors charged Super Micro Computer (NASDAQ:SMCI) co-founder with conspiring to smuggle billions of dollars in AI chips to China. The Invesco QQQ Trust (NASDAQ:QQQ), which tracks the Nasdaq-100, slid about 1% in sympathy, extending a losing streak that ... The Nasdaq Sinks As Super Micro AI Chip Smuggling to China Takes Center Stage | SMCI IXIC",2026-03-20 15:27:44+00:00,24/7 Wall St.,https://247wallst.com/investing/2026/03/20/the-nasdaq-sinks-as-super-micro-ai-chip-fraud-takes-center-stage-smci-ixic/,https://finance.yahoo.com/markets/stocks/articles/nasdaq-sinks-super-micro-ai-152744959.html,premiumFinance,1,enriched_from_yahoo_news_latest,negative,-1.0,inflation_rates,2,2,1,2026-03-20
SPY,12a77d6a-fdbc-3e8e-8e54-8afda9d4b91f,STORY,The Nasdaq Sinks As Super Micro AI Chip Smuggling to China Takes Center Stage | SMCI IXIC,"The Nasdaq composite fell about 1% by mid-morning on Friday, March 20, 2026, dragged lower after federal prosecutors charged Super Micro Computer (NASDAQ:SMCI) co-founder with conspiring to smuggle billions of dollars in AI chips to China. The Invesco QQQ Trust (NASDAQ:QQQ), which tracks the Nasdaq-100, slid about 1% in sympathy, extending a losing streak that ... The Nasdaq Sinks As Super Micro AI Chip Smuggling to China Takes Center Stage | SMCI IXIC",2026-03-20 15:27:44+00:00,24/7 Wall St.,https://247wallst.com/investing/2026/03/20/the-nasdaq-sinks-as-super-micro-ai-chip-fraud-takes-center-stage-smci-ixic/,https://finance.yahoo.com/markets/stocks/articles/nasdaq-sinks-super-micro-ai-152744959.html,premiumFinance,0,enriched_from_yahoo_news_latest,negative,-1.0,inflation_rates,2,1,1,2026-03-20
QQQ,2bb91194-3c57-3e63-9afe-e31779d699a3,STORY,The VIX Rips 10% Higher As Oil Punches Through $100 A Barrel and Panic Enters The Arena,"Brent crude surged past $108 per barrel on Friday following fresh attacks on Persian Gulf energy infrastructure, sending the CBOE Volatility Index sharply higher and fear through every major U.S. equity index. The VIX, which had been moderating earlier in the week, is now sitting in territory that signals genuine investor anxiety rather than routine ... The VIX Rips 10% Higher As Oil Punches Through $100 A Barrel and Panic Enters The Arena",2026-03-20 15:27:01+00:00,24/7 Wall St.,https://247wallst.com/investing/2026/03/20/the-vix-rips-10-higher-as-oil-punches-through-100-a-barrel-and-panic-enters-the-arena/,https://finance.yahoo.com/markets/options/articles/vix-rips-10-higher-oil-152701381.html,premiumFinance,0,enriched_from_yahoo_news_latest,neutral,0.0,market_technical_flow,3,1,1,2026-03-20
SPY,2bb91194-3c57-3e63-9afe-e31779d699a3,STORY,The VIX Rips 10% Higher As Oil Punches Through $100 A Barrel and Panic Enters The Arena,"Brent crude surged past $108 per barrel on Friday following fresh attacks on Persian Gulf energy infrastructure, sending the CBOE Volatility Index sharply higher and fear through every major U.S. equity index. The VIX, which had been moderating earlier in the week, is now sitting in territory that signals genuine investor anxiety rather than routine ... The VIX Rips 10% Higher As Oil Punches Through $100 A Barrel and Panic Enters The Arena",2026-03-20 15:27:01+00:00,24/7 Wall St.,https://247wallst.com/investing/2026/03/20/the-vix-rips-10-higher-as-oil-punches-through-100-a-barrel-and-panic-enters-the-arena/,https://finance.yahoo.com/markets/options/articles/vix-rips-10-higher-oil-152701381.html,premiumFinance,0,enriched_from_yahoo_news_latest,neutral,0.0,market_technical_flow,3,1,1,2026-03-20
QQQ,f4b74863-c1db-31f0-938a-208338520f7f,STORY,The S&P Falls Close to 1% As Oil Blasts Past $100 A Barrel,"The S&P 500 fell to 6,557.94, down 0.73% as of mid-morning Friday, with all three major indexes on pace for a fourth consecutive losing week as surging oil prices and Middle East conflict weighed on sentiment. Brent crude is trading at $108.6 a barrel after spiking as high as $119 earlier in the week, with ... The S&P Falls Close to 1% As Oil Blasts Past $100 A Barrel",2026-03-20 15:26:19+00:00,24/7 Wall St.,https://247wallst.com/investing/2026/03/20/the-sp-falls-close-to-1-as-oil-blasts-past-100-a-barrel/,https://finance.yahoo.com/markets/stocks/articles/p-falls-close-1-oil-152619185.html,premiumFinance,0,enriched_from_yahoo_news_latest,negative,-1.0,other,2,1,1,2026-03-20
SPY,f4b74863-c1db-31f0-938a-208338520f7f,STORY,The S&P Falls Close to 1% As Oil Blasts Past $100 A Barrel,"The S&P 500 fell to 6,557.94, down 0.73% as of mid-morning Friday, with all three major indexes on pace for a fourth consecutive losing week as surging oil prices and Middle East conflict weighed on sentiment. Brent crude is trading at $108.6 a barrel after spiking as high as $119 earlier in the week, with ... The S&P Falls Close to 1% As Oil Blasts Past $100 A Barrel",2026-03-20 15:26:19+00:00,24/7 Wall St.,https://247wallst.com/investing/2026/03/20/the-sp-falls-close-to-1-as-oil-blasts-past-100-a-barrel/,https://finance.yahoo.com/markets/stocks/articles/p-falls-close-1-oil-152619185.html,premiumFinance,0,enriched_from_yahoo_news_latest,negative,-1.0,other,2,1,1,2026-03-20
QQQ,7a782052-e135-3b7d-bf60-cd7f6e10541b,STORY,Spring Equinox: Reflecting on a Nearly Full Q1,Major indexes are down both in the past week and the past month of trading. Only the Russell 2000 is still in the green year to date.,2026-03-20 14:24:00+00:00,Zacks,https://finance.yahoo.com/markets/stocks/articles/spring-equinox-reflecting-nearly-full-142400626.html,https://finance.yahoo.com/markets/stocks/articles/spring-equinox-reflecting-nearly-full-142400626.html,premiumFinance,0,enriched_from_yahoo_news_latest,neutral,0.0,other,1,0,0,2026-03-20
SPY,7a782052-e135-3b7d-bf60-cd7f6e10541b,STORY,Spring Equinox: Reflecting on a Nearly Full Q1,Major indexes are down both in the past week and the past month of trading. Only the Russell 2000 is still in the green year to date.,2026-03-20 14:24:00+00:00,Zacks,https://finance.yahoo.com/markets/stocks/articles/spring-equinox-reflecting-nearly-full-142400626.html,https://finance.yahoo.com/markets/stocks/articles/spring-equinox-reflecting-nearly-full-142400626.html,premiumFinance,0,enriched_from_yahoo_news_latest,neutral,0.0,other,1,0,0,2026-03-20
QQQ,cec8616d-7529-3e35-83e3-8e5419e401c5,STORY,The Only 3 Growth ETFs I Would Buy and Hold Through Any Market,"Growth investing has had a choppy start to 2026. The major growth benchmarks are down in the low single digits year-to-date, and some of the biggest names in tech have pulled back meaningfully from their late-2025 highs. For investors with a multi-year horizon, that kind of consolidation is worth understanding in the context of each ... The Only 3 Growth ETFs I Would Buy and Hold Through Any Market",2026-03-20 14:02:46+00:00,24/7 Wall St.,https://247wallst.com/investing/2026/03/20/the-only-3-growth-etfs-i-would-buy-and-hold-through-any-market/,https://finance.yahoo.com/markets/stocks/articles/only-3-growth-etfs-buy-140246579.html,premiumFinance,0,enriched_from_yahoo_news_latest,positive,1.0,growth_earnings,1,0,0,2026-03-20
SPY,cec8616d-7529-3e35-83e3-8e5419e401c5,STORY,The Only 3 Growth ETFs I Would Buy and Hold Through Any Market,"Growth investing has had a choppy start to 2026. The major growth benchmarks are down in the low single digits year-to-date, and some of the biggest names in tech have pulled back meaningfully from their late-2025 highs. For investors with a multi-year horizon, that kind of consolidation is worth understanding in the context of each ... The Only 3 Growth ETFs I Would Buy and Hold Through Any Market",2026-03-20 14:02:46+00:00,24/7 Wall St.,https://247wallst.com/investing/2026/03/20/the-only-3-growth-etfs-i-would-buy-and-hold-through-any-market/,https://finance.yahoo.com/markets/stocks/articles/only-3-growth-etfs-buy-140246579.html,premiumFinance,0,enriched_from_yahoo_news_latest,positive,1.0,growth_earnings,1,0,0,2026-03-20
GLD,1e003246-8635-3cd6-8f49-3d62e3adcd60,STORY,Gold Rises Off a Two-Month Low Even as the Dollar and Yields Rise,"Gold rose off a two-month low early Friday, rebounding despite a higher dollar, rising treasury yiel",2026-03-20 13:33:42+00:00,MT Newswires,https://finance.yahoo.com/markets/commodities/articles/gold-rises-off-two-month-133342173.html,https://finance.yahoo.com/markets/commodities/articles/gold-rises-off-two-month-133342173.html,premiumFinance,0,enriched_from_yahoo_news_latest,positive,1.0,inflation_rates,2,1,1,2026-03-20
GLD,0971de79-a205-309f-b402-861e44a5ae13,STORY,"Exchange-Traded Funds, Equity Futures Lower Pre-Bell as Energy Market Disruptions Weigh on Investor Sentiment",The broad market exchange-traded fund SPDR S&P 500 ETF Trust (SPY) was down 0.5% and the actively tr,2026-03-20 13:09:59+00:00,MT Newswires,https://finance.yahoo.com/markets/stocks/articles/exchange-traded-funds-equity-futures-130959610.html,https://finance.yahoo.com/markets/stocks/articles/exchange-traded-funds-equity-futures-130959610.html,premiumFinance,0,enriched_from_yahoo_news_latest,neutral,0.0,other,1,0,0,2026-03-20
QQQ,0971de79-a205-309f-b402-861e44a5ae13,STORY,"Exchange-Traded Funds, Equity Futures Lower Pre-Bell as Energy Market Disruptions Weigh on Investor Sentiment",The broad market exchange-traded fund SPDR S&P 500 ETF Trust (SPY) was down 0.5% and the actively tr,2026-03-20 13:09:59+00:00,MT Newswires,https://finance.yahoo.com/markets/stocks/articles/exchange-traded-funds-equity-futures-130959610.html,https://finance.yahoo.com/markets/stocks/articles/exchange-traded-funds-equity-futures-130959610.html,premiumFinance,0,enriched_from_yahoo_news_latest,neutral,0.0,other,1,0,0,2026-03-20
QQQ,752bf860-5abf-3043-aa4d-025eb2bc2922,STORY,This Under The Radar ETF Bets On Tech And Pays 11% Dividends,"Monthly income checks from a tech-heavy portfolio sound appealing, but the mechanics behind how QYLD generates that income determine whether it belongs in your portfolio. The answer depends almost entirely on what you need your money to do. What QYLD Actually Does Global X NASDAQ 100 Covered Call ETF (NYSEARCA:QYLD) holds the same stocks as ... This Under The Radar ETF Bets On Tech And Pays 11% Dividends",2026-03-20 13:02:35+00:00,24/7 Wall St.,https://247wallst.com/investing/2026/03/20/this-under-the-radar-etf-bets-on-tech-and-pays-11-dividends/,https://finance.yahoo.com/markets/options/articles/under-radar-etf-bets-tech-130235426.html,premiumFinance,0,enriched_from_yahoo_news_latest,neutral,0.0,inflation_rates,2,1,1,2026-03-20
TLT,f532890d-ab85-35d9-98a7-97e6d6fc1eb9,STORY,Foreign Investors Hold $36 Trillion in U.S. Assets. High Oil Prices Might Make Them Sell.,"Higher prices of crude  are a headache for foreign importers, but their pain can be passed on to U.S. portfolios.  The cost to import oil has moved higher globally after the U.S. and Israel attack on Iran while currencies of most major economies have taken a hit against  The dual blow creates an environment where countries and companies abroad might eventually turn to their growing pile of U.S. stocks and bondholdings as they hunt for dollars to pay for the suddenly more expensive oil.  It’s a risk worth monitoring, especially as foreign countries and governments hold a growing share of the U.S. market.",2026-03-20 12:05:00+00:00,Barrons.com,https://www.barrons.com/articles/foreign-investors-sell-us-stock-market-bonds-8ff8c6d8?siteid=yhoof2&yptr=yahoo,,premiumFinance,0,enriched_from_yahoo_news_latest,positive,0.3333333333333333,inflation_rates,3,1,1,2026-03-20
GLD,d65b8166-9bbc-3331-8e2d-2c23a6af2002,STORY,"Better Investment to Buy Now With $2,500 and Hold for 10 Years: XRP vs. Gold or Silver",Only two of these assets are winners over the long term.,2026-03-20 11:40:00+00:00,Motley Fool,https://www.fool.com/investing/2026/03/20/better-investment-to-buy-now-with-2500-and-hold-fo/,https://finance.yahoo.com/markets/crypto/articles/better-investment-buy-now-2-114000498.html,premiumFinance,0,enriched_from_yahoo_news_latest,neutral,0.0,other,1,0,0,2026-03-20
QQQ,2093ee59-c577-3f78-845e-a6651a19e198,STORY,Forget Yield Chasing Right Now and Buy These Growth ETFs Instead,"Chasing yield feels safe. A high-dividend ETF paying monthly, a covered-call fund with a flashy distribution rate. But investors who have parked capital in income-first vehicles over the past decade have quietly watched the compounding machine of the Nasdaq-100 leave them behind. Invesco QQQ Trust (NYSEARCA:QQQ) makes the case that for investors with time on ... Forget Yield Chasing Right Now and Buy These Growth ETFs Instead",2026-03-20 10:02:32+00:00,24/7 Wall St.,https://247wallst.com/investing/2026/03/20/forget-yield-chasing-right-now-and-buy-these-growth-etfs-instead/,https://finance.yahoo.com/markets/stocks/articles/forget-yield-chasing-now-buy-100232583.html,premiumFinance,1,enriched_from_yahoo_news_latest,positive,1.0,inflation_rates,1,1,1,2026-03-20
QQQ,7162c2f1-6d70-3348-867b-daa96f802e56,STORY,Invesco QEW ETF Targets Nasdaq 100 Concentration Risk And Growth Story,"Invesco (NYSE:IVZ) has launched the Invesco QQQ Equal Weight ETF (QEW), expanding its QQQ Innovation Suite. The new ETF offers exposure to Nasdaq-100 companies using an equal-weight approach that aims to reduce concentration risk. This product adds another option for investors seeking systematic access to large US growth and technology oriented names. Invesco is adding QEW at a time when its own shares trade around $23.42, with a mixed return profile. The stock shows a 56.6% return over 1...",2026-03-19 19:05:15+00:00,Simply Wall St.,https://finance.yahoo.com/markets/stocks/articles/invesco-qew-etf-targets-nasdaq-190515440.html,https://finance.yahoo.com/markets/stocks/articles/invesco-qew-etf-targets-nasdaq-190515440.html,premiumFinance,1,enriched_from_yahoo_news_latest,neutral,0.0,growth_earnings,1,1,1,2026-03-20
TLT,8a3f0ee3-b88e-359c-8ccd-7b3e6cac4f29,STORY,3 Dividend ETFs That Can Replace a Pension in 2026,"Social Security pays retirees $2,000 a month on average, and private tuitions are even lower than that. If you are hungry for more income, dividend ETFs like the iShares 20+ Year Treasury Bond BuyWrite Strat ETF (BATS:TLTW), VanEck Mortgage REIT Income ETF (NYSEARCA:MORT), and Virtus InfraCap US Preferred Stock ETF (NYSEARCA:PFFA) can deliver more income. ... 3 Dividend ETFs That Can Replace a Pension in 2026",2026-03-19 18:30:40+00:00,24/7 Wall St.,https://247wallst.com/investing/2026/03/19/3-dividend-etfs-that-can-replace-a-pension-in-2026/,https://finance.yahoo.com/markets/stocks/articles/3-dividend-etfs-replace-pension-183040752.html,premiumFinance,1,enriched_from_yahoo_news_latest,neutral,0.0,inflation_rates,3,2,1,2026-03-20
GLD,0da3eb67-edf7-351f-aad7-f23ee62d0f79,STORY,Update: Gold Prices Plunge as Hopes for Lower U.S. Interest Rates Fade,"(Updates prices.) Gold prices plunged Thursday, dropping 5.9% to the lowest in more than two mont",2026-03-19 18:00:07+00:00,MT Newswires,https://finance.yahoo.com/markets/commodities/articles/gold-prices-plunge-hopes-lower-180007611.html,https://finance.yahoo.com/markets/commodities/articles/gold-prices-plunge-hopes-lower-180007611.html,premiumFinance,0,enriched_from_yahoo_news_latest,negative,-1.0,inflation_rates,2,1,1,2026-03-20
QQQ,f21b22eb-0a8d-30b8-8b8a-1b1aa2d16e10,STORY,Exchange-Traded Funds Edge Lower as US Equities Fall After Midday,Broad Market Indicators Broad-market exchange-traded funds IWM and IVV declined. Actively traded,2026-03-19 17:07:42+00:00,MT Newswires,https://finance.yahoo.com/markets/stocks/articles/exchange-traded-funds-edge-lower-170742555.html,https://finance.yahoo.com/markets/stocks/articles/exchange-traded-funds-edge-lower-170742555.html,premiumFinance,0,enriched_from_yahoo_news_latest,negative,-1.0,other,1,0,0,2026-03-20
QQQ,19e7f0ce-2927-36fd-bfd7-815e82738dbd,STORY,MoneyMasters Podcast 3-19-26- The Golden Rule of Trading,"In this double-header episode of the MoneyShow MoneyMasters Podcast, we’re coming to you from the 2026 Money Show in Las Vegas – sitting down with two seasoned market experts to discuss investing and trading strategies for a shifting market environment.",2026-03-19 16:30:00+00:00,MoneyShow,https://finance.yahoo.com/markets/stocks/articles/moneymasters-podcast-3-19-26-163000363.html,https://finance.yahoo.com/markets/stocks/articles/moneymasters-podcast-3-19-26-163000363.html,premiumFinance,0,enriched_from_yahoo_news_latest,neutral,0.0,inflation_rates,1,0,0,2026-03-20
GLD,c0595a32-c9ad-31d8-9d4c-666f18673707,STORY,"Gold Drops 1.2% to $4,760 as Oil Surge Clouds Fed Rate Path",Bullion extends seventh-day slide as rising energy prices and Fed outlook reduce prospects for near-term rate cuts.,2026-03-19 16:14:23+00:00,GuruFocus.com,https://finance.yahoo.com/markets/commodities/articles/gold-drops-1-2-4-161423358.html,https://finance.yahoo.com/markets/commodities/articles/gold-drops-1-2-4-161423358.html,premiumFinance,0,enriched_from_yahoo_news_latest,negative,-0.6,inflation_rates,3,1,1,2026-03-20
GLD,4cd97b58-668c-3e14-afc9-b6bbc400f9d4,STORY,The 12% Yield Gold Income ETF That Nobody Knows About,"Gold pays no income. That is the trade-off every investor accepts when they buy a traditional gold ETF. NEOS Gold High Income ETF (NYSEARCA:IAUI) was built specifically to solve that problem, layering a covered call strategy on top of gold exposure to generate monthly distributions that plain gold ownership never could. The fund launched in ... The 12% Yield Gold Income ETF That Nobody Knows About",2026-03-19 14:07:41+00:00,24/7 Wall St.,https://247wallst.com/investing/2026/03/19/the-12-yield-gold-income-etf-that-nobody-knows-about/,https://finance.yahoo.com/markets/commodities/articles/12-yield-gold-income-etf-140741812.html,premiumFinance,0,enriched_from_yahoo_news_latest,neutral,0.0,inflation_rates,1,0,0,2026-03-20
GLD,23d03552-afff-3c7f-bbba-97ceb80a927e,STORY,Bybit Offers Interest Payments On Tokenized Gold,Cryptocurrency exchange Bybit is enabling customers to earn interest payments on tokenized gold products.,2026-03-19 13:49:00+00:00,CryptoProwl,https://www.cryptoprowl.com/releases/bybit-offers-interest-payments-on-tokenized-gold-3906,https://finance.yahoo.com/markets/crypto/articles/bybit-offers-interest-payments-tokenized-134900896.html,premiumFinance,0,enriched_from_yahoo_news_latest,neutral,0.0,other,1,0,0,2026-03-20
GLD,894eed0c-eacc-3116-946d-bed4dd5f071d,STORY,Gold Prices Plunge 7.3% as Hopes for Lower U.S. Interest Rates Fade,"Gold prices plunged early Thursday, dropping 7.3% to the lowest in more than three months on profit-",2026-03-19 13:37:23+00:00,MT Newswires,https://finance.yahoo.com/markets/commodities/articles/gold-prices-plunge-7-3-133723637.html,https://finance.yahoo.com/markets/commodities/articles/gold-prices-plunge-7-3-133723637.html,premiumFinance,0,enriched_from_yahoo_news_latest,neutral,0.0,inflation_rates,2,1,1,2026-03-20
GLD,218a985d-c70d-33c9-b736-cd3a64ff6981,STORY,"Exchange-Traded Funds, Equity Futures Lower Pre-Bell Thursday Amid Rising Oil Prices, Reduced Rate-Cut Expectations","The broad market exchange-traded fund SPDR S&P 500 ETF Trust (SPY) was down 0.4%, and the actively t",2026-03-19 12:49:23+00:00,MT Newswires,https://finance.yahoo.com/markets/stocks/articles/exchange-traded-funds-equity-futures-124923636.html,https://finance.yahoo.com/markets/stocks/articles/exchange-traded-funds-equity-futures-124923636.html,premiumFinance,0,enriched_from_yahoo_news_latest,negative,-1.0,inflation_rates,2,1,1,2026-03-20
QQQ,218a985d-c70d-33c9-b736-cd3a64ff6981,STORY,"Exchange-Traded Funds, Equity Futures Lower Pre-Bell Thursday Amid Rising Oil Prices, Reduced Rate-Cut Expectations","The broad market exchange-traded fund SPDR S&P 500 ETF Trust (SPY) was down 0.4%, and the actively t",2026-03-19 12:49:23+00:00,MT Newswires,https://finance.yahoo.com/markets/stocks/articles/exchange-traded-funds-equity-futures-124923636.html,https://finance.yahoo.com/markets/stocks/articles/exchange-traded-funds-equity-futures-124923636.html,premiumFinance,0,enriched_from_yahoo_news_latest,negative,-1.0,inflation_rates,2,1,1,2026-03-20
GLD,8a4616f0-9ccd-3207-89fd-14d3407606e8,STORY,"GLD, SLV Slide As Fed Holds Rates",Higher yields continue weighing on metals prices,2026-03-19 10:07:45+00:00,GuruFocus.com,https://finance.yahoo.com/markets/commodities/articles/gld-slv-slide-fed-holds-100745210.html,https://finance.yahoo.com/markets/commodities/articles/gld-slv-slide-fed-holds-100745210.html,premiumFinance,1,enriched_from_yahoo_news_latest,neutral,0.0,inflation_rates,3,2,1,2026-03-20
QQQ,814bb311-d839-3ebe-9e9c-414071b98292,STORY,"New Fed ""Dot Plot"" Sends Markets Sliding",The Fed's new dot-plot calls for just one rate cut this year and one in 2027.,2026-03-18 21:38:00+00:00,Zacks,https://finance.yahoo.com/economy/policy/articles/fed-dot-plot-sends-markets-213800794.html,https://finance.yahoo.com/economy/policy/articles/fed-dot-plot-sends-markets-213800794.html,premiumFinance,0,enriched_from_yahoo_news_latest,negative,-1.0,inflation_rates,2,1,1,2026-03-20
GLD,c868a78c-a52f-3f5a-b699-0654c6ac9e5b,STORY,The Fed Expects Inflation to Stay High. Here Are Moves to Make With Your Portfolio.,"Retirees, who are particularly vulnerable to inflation, must shield their investments from major hits.",2026-03-18 21:37:00+00:00,Barrons.com,https://www.barrons.com/articles/fed-inflation-retirement-portfolio-stocks-bonds-562fb087?siteid=yhoof2&yptr=yahoo,,premiumFinance,0,enriched_from_yahoo_news_latest,neutral,0.0,inflation_rates,3,1,1,2026-03-20
GLD,0c2f9df7-63ec-35e8-b5ad-22fac542d1c9,STORY,"Update: Gold Falls to a Six-Week Low as U.S. Wholesale Prices Surged Last Month, Lowering Rate-Cut Hopes",(Updates prices.) Gold traded at a six-week low midafternoon on Wednesday as a report showed U.S.,2026-03-18 18:00:07+00:00,MT Newswires,https://finance.yahoo.com/news/gold-falls-six-week-low-180007761.html,https://finance.yahoo.com/news/gold-falls-six-week-low-180007761.html,premiumFinance,0,enriched_from_yahoo_news_latest,neutral,0.0,inflation_rates,1,0,0,2026-03-20
GLD,5f58cdd3-0398-3d39-82c3-381329671a87,STORY,"Gold Holds Near $5,000 as Fed Outlook and Middle East Tensions Collide",Bullion stays rangebound as investors weigh steady Fed rates against rising energy-driven inflation risks from ongoing regional conflict.,2026-03-18 17:22:55+00:00,GuruFocus.com,https://finance.yahoo.com/news/gold-holds-near-5-000-172255255.html,https://finance.yahoo.com/news/gold-holds-near-5-000-172255255.html,premiumFinance,0,enriched_from_yahoo_news_latest,positive,0.3333333333333333,inflation_rates,3,1,1,2026-03-20
QQQ,486798e8-c8ca-33fb-8da0-1e90a49aa573,STORY,Exchange-Traded Funds Fall as US Equities Decline After Midday,Broad Market Indicators Broad-market exchange-traded funds IWM and IVV were lower. Actively trade,2026-03-18 17:10:32+00:00,MT Newswires,https://finance.yahoo.com/news/exchange-traded-funds-fall-us-171032561.html,https://finance.yahoo.com/news/exchange-traded-funds-fall-us-171032561.html,premiumFinance,0,enriched_from_yahoo_news_latest,negative,-1.0,other,1,0,0,2026-03-20
TLT,874d7b5e-2a20-3a22-8b1a-c7c4fd7064c2,STORY,"Market Minute 3-18-26- Oil, Fed in Focus","Energy prices started the morning out tame - but are on the move now. Equities and gold are sliding along with Treasuries, while the dollar is modestly higher.",2026-03-18 14:15:00+00:00,MoneyShow,https://finance.yahoo.com/sectors/energy/articles/market-minute-3-18-26-141500967.html,https://finance.yahoo.com/sectors/energy/articles/market-minute-3-18-26-141500967.html,premiumFinance,0,enriched_from_yahoo_news_latest,neutral,0.0,inflation_rates,3,1,1,2026-03-20
GLD,19e03827-5229-3ab1-ab87-7192e18213ba,STORY,"Exchange-Traded Funds, Equity Futures Lower Ahead of Key Economic Data, FOMC Meeting",The broad market exchange-traded fund SPDR S&P 500 ETF Trust (SPY) was down 0.3% and the actively tr,2026-03-18 13:28:29+00:00,MT Newswires,https://finance.yahoo.com/news/exchange-traded-funds-equity-futures-132829827.html,https://finance.yahoo.com/news/exchange-traded-funds-equity-futures-132829827.html,premiumFinance,0,enriched_from_yahoo_news_latest,neutral,0.0,other,1,0,0,2026-03-20
TLT,d3012a9b-9557-392c-92a6-464fae85fde7,STORY,Worried About a Market Crash? 3 ETFs to Buy to Sleep Well At Night,"The VIX fear gauge has climbed more than 54% over the past month, sitting in the elevated uncertainty zone at a reading that ranks in the 93rd percentile of the past year. Meanwhile, the S&P 500 is down nearly 2% year-to-date while consumer sentiment sits at 56.4, deep in pessimistic territory. Geopolitical tensions, tariff uncertainty, ... Worried About a Market Crash? 3 ETFs to Buy to Sleep Well At Night",2026-03-17 14:49:57+00:00,24/7 Wall St.,https://247wallst.com/investing/2026/03/17/worried-about-a-market-crash-3-etfs-to-buy-to-sleep-well-at-night/,https://finance.yahoo.com/news/worried-market-crash-3-etfs-144957515.html,premiumFinance,0,enriched_from_yahoo_news_latest,negative,-1.0,geopolitics_policy,3,1,1,2026-03-20
TLT,5158dc77-71b6-4609-a6b5-e4a25769326e,STORY,Why oil shocks turn markets into a game of whack-a-mole,Oil shocks rarely stay boxed inside the inflation story. They spread.,2026-03-17 13:01:42+00:00,Yahoo Finance,https://finance.yahoo.com/news/why-oil-shocks-turn-markets-into-a-game-of-whack-a-mole-130142557.html,https://finance.yahoo.com/news/why-oil-shocks-turn-markets-into-a-game-of-whack-a-mole-130142557.html,premiumFinance,0,enriched_from_yahoo_news_latest,neutral,0.0,inflation_rates,3,1,1,2026-03-20
TLT,ec4e2055-945e-31a1-a5df-6d6020c10f99,STORY,What Do You Need To Invest To Replace Your $95k Salary Just On Dividends Alone?,"Let’s cut through the noise and get real about replacing a $95,000 salary with dividend income alone. In today’s market (March 2026, with rates steady and inflation cooling), investors need a hefty nest egg to generate that kind of cash flow without touching principal. The math is straightforward. Investors simply need to divide their target ... What Do You Need To Invest To Replace Your $95k Salary Just On Dividends Alone?",2026-03-17 12:45:54+00:00,24/7 Wall St.,https://247wallst.com/investing/2026/03/17/what-do-you-need-to-invest-to-replace-your-95k-salary-just-on-dividends-alone/,https://finance.yahoo.com/news/invest-replace-95k-salary-just-124554600.html,premiumFinance,0,enriched_from_yahoo_news_latest,negative,-1.0,inflation_rates,3,1,1,2026-03-20
TLT,dd21a9bf-1acb-352a-82cb-3f363544ec76,STORY,"Treasuries and Other Government Bonds Will Keep Selling Off, BlackRock Says. These Risks Are Lurking.","Bond investors shouldn’t be surprised by steeper losses because of inflation driven by higher prices for oil, AI chips, and military spending.",2026-03-16 19:53:00+00:00,Barrons.com,https://www.barrons.com/articles/treasuries-inflation-oil-iran-fed-interest-rates-e51efed1?siteid=yhoof2&yptr=yahoo,,premiumFinance,0,enriched_from_yahoo_news_latest,negative,-0.5,inflation_rates,3,1,1,2026-03-20
TLT,d10a0119-acce-3ab5-bb58-ea19f9a80f0b,STORY,3 Dividend ETFs to Ride the “Great Rotation” as Investors Leave Growth Stocks in Droves,"Investors are getting more selective, and this is causing growth stocks across the board to slow down. Dividend ETFs like the iShares 20+ Year Treasury Bond ETF (NASDAQ:TLT), Schwab US Dividend Equity ETF (NYSEARCA:SCHD), and Vanguard Consumer Staples Index Fund ETF (NYSEARCA:VDC) are well-positioned to be the biggest beneficiaries of this great rotation, considering investors ... 3 Dividend ETFs to Ride the “Great Rotation” as Investors Leave Growth Stocks in Droves",2026-03-16 18:00:19+00:00,24/7 Wall St.,https://247wallst.com/investing/2026/03/16/3-dividend-etfs-to-ride-the-great-rotation-as-investors-leave-growth-stocks-in-droves/,https://finance.yahoo.com/news/3-dividend-etfs-ride-great-180019354.html,premiumFinance,1,enriched_from_yahoo_news_latest,positive,1.0,inflation_rates,3,2,1,2026-03-20
TLT,3ebd85db-abcf-3e52-b1b9-7b1277f42180,STORY,Market Minute 3-16-26- Oil Holds Gains on Hormuz Worries,"Crude oil prices are holding most of their recent gains, though they’ve been retreating the last few hours. Stocks are bouncing back along with Treasuries, while gold and silver are giving up some ground. The dollar is dipping.",2026-03-16 14:20:00+00:00,MoneyShow,https://finance.yahoo.com/news/market-minute-3-16-26-142000143.html,https://finance.yahoo.com/news/market-minute-3-16-26-142000143.html,premiumFinance,0,enriched_from_yahoo_news_latest,positive,1.0,other,2,1,1,2026-03-20
TLT,b33ca643-1ed5-3209-a27a-d0b047a8c2f2,STORY,Hedge Iran War Turmoil With These ETF Strategies,Iran war is reshaping hedging strategies as stocks and bonds fall together. Here are ETF ideas investors are using to navigate stagflation fears and oil shock.,2026-03-13 17:00:00+00:00,Zacks,https://finance.yahoo.com/news/hedge-iran-war-turmoil-etf-170000281.html,https://finance.yahoo.com/news/hedge-iran-war-turmoil-etf-170000281.html,premiumFinance,0,enriched_from_yahoo_news_latest,negative,-1.0,inflation_rates,3,1,1,2026-03-13
TLT,6c736ae2-ede9-49a5-a3f0-44d56277529b,STORY,Why the real market shock is in long bonds,"One glaring market reaction to the war headlines has been the sell-off in US government long-term bonds, pushing yields like the 10-year and 30-year yields materially higher.",2026-03-12 20:07:20+00:00,Yahoo Finance,https://finance.yahoo.com/news/why-the-real-market-shock-is-in-long-bonds-200720064.html,https://finance.yahoo.com/news/why-the-real-market-shock-is-in-long-bonds-200720064.html,premiumFinance,0,enriched_from_yahoo_news_latest,neutral,0.0,inflation_rates,3,1,1,2026-03-13
TLT,381a6504-3c7d-3936-9a7e-48ddac09e2e6,STORY,Market Minute 3-11-26- Will Massive Oil Releases Offset War Worries,"Stocks remain in a holding pattern today, while gold and silver are pulling back. Crude oil is climbing again, while Treasuries remain under modest pressure.",2026-03-11 14:25:00+00:00,MoneyShow,https://finance.yahoo.com/news/market-minute-3-11-26-142500256.html,https://finance.yahoo.com/news/market-minute-3-11-26-142500256.html,premiumFinance,0,enriched_from_yahoo_news_latest,positive,1.0,geopolitics_policy,3,1,1,2026-03-13
TLT,d220b7f7-5b8c-355b-b672-bce56e4ed4f5,STORY,The Stock Market Needs More Than Oracle Earnings to Forget About the Iran War,"U.S.  were back on oil watch Wednesday with investors eyeing headlines tied to the potential for coordinated support for global crude markets that could steady the nerves of a jittery market that remains focused on developments in the U.S. war with Iran.  The International Energy Agency, formed during the Arab  embargo in 1974 with the aim of establishing collective action against supply disruptions, has proposed the release of around 400 million barrels of crude from the strategic reserves of its 32 members.  President Emmanuel Macron, meanwhile, will host a virtual meeting of G-7 leaders prior to the announcement.",2026-03-11 12:10:00+00:00,Barrons.com,https://www.barrons.com/articles/stock-market-oil-iran-oracle-earnings-68cb4d59?siteid=yhoof2&yptr=yahoo,,premiumFinance,0,enriched_from_yahoo_news_latest,positive,1.0,geopolitics_policy,3,1,1,2026-03-13
TLT,bece3e7d-7c6d-345f-a98a-b74486a0e8ba,STORY,Bramshill Sells Nuveen Quality Municipal Income Fund,"Nuveen Quality Municipal Income Fund invests in high-grade municipal bonds, aiming to deliver federally tax-exempt income for shareholders.",2026-03-10 12:53:56+00:00,Motley Fool,https://www.fool.com/coverage/filings/2026/03/10/bramshill-sells-nuveen-quality-municipal-income-fund/,https://finance.yahoo.com/news/bramshill-sells-nuveen-quality-municipal-125356106.html,premiumFinance,0,enriched_from_yahoo_news_latest,positive,1.0,inflation_rates,3,1,1,2026-03-13
TLT,7d0fd863-9545-375b-ba85-fb0d7572aefd,STORY,"EWY, IEUR See Inflows Amidst Ongoing Tensions","<p>Here are the daily ETF fund flows for March 9, 2026.</p>",2026-03-09 21:00:04+00:00,etf.com,http://www.etf.com/sections/daily-etf-flows/ewy-ieur-see-inflows-amidst-ongoing-tensions?utm_source=yahoo-finance&utm_medium=rss&utm_campaign=yahoo-finance-rss,https://finance.yahoo.com/news/ewy-ieur-see-inflows-amidst-210004869.html,premiumFinance,0,enriched_from_yahoo_news_latest,neutral,0.0,market_technical_flow,1,0,0,2026-03-13
TLT,7f577a6f-e03d-311f-a1e4-5ffbf1352545,STORY,"Market Minute 3-9-26- Oil Rockets, Stocks Tumble as Energy Squeeze Intensifies","Global markets are reeling today, with oil prices rocketing higher and stocks tumbling. Gold and silver are modestly lower along with Treasuries, while the dollar and Bitcoin are rising a bit.",2026-03-09 14:15:00+00:00,MoneyShow,https://finance.yahoo.com/news/market-minute-3-9-26-141500968.html,https://finance.yahoo.com/news/market-minute-3-9-26-141500968.html,premiumFinance,0,enriched_from_yahoo_news_latest,neutral,0.0,other,2,1,1,2026-03-13
TLT,35e225b4-626f-356e-85f9-47d25bd93d94,STORY,The 4 ETFs To Buy Before The Fed Lowers Rates And Shoots Them Higher,"The Federal Reserve cut rates three times between September and December 2025, bringing its benchmark rate down from 4.5% to its current level of 3.75%. Then it stopped. The January 2026 meeting ended with a hold, and the minutes that followed showed a Fed genuinely divided on what comes next, with some members openly debating ... The 4 ETFs To Buy Before The Fed Lowers Rates And Shoots Them Higher",2026-03-06 14:37:07+00:00,24/7 Wall St.,https://247wallst.com/investing/2026/03/06/the-4-etfs-to-buy-before-the-fed-lowers-rates-and-shoots-them-higher/,https://finance.yahoo.com/news/4-etfs-buy-fed-lowers-143707325.html,premiumFinance,0,enriched_from_yahoo_news_latest,negative,-1.0,inflation_rates,3,1,1,2026-03-06
TLT,a1151e5e-1e94-3826-9c7b-5dd7d5446ade,STORY,Daily ETF Flows: TLT Scoops Up $914M,"<p>Here are the daily ETF fund flows for March 3, 2026.</p>",2026-03-04 23:00:04+00:00,etf.com,http://www.etf.com/sections/daily-etf-flows/daily-etf-flows-tlt-scoops-914m?utm_source=yahoo-finance&utm_medium=rss&utm_campaign=yahoo-finance-rss,https://finance.yahoo.com/news/daily-etf-flows-tlt-scoops-230004590.html,premiumFinance,1,enriched_from_yahoo_news_latest,neutral,0.0,market_technical_flow,1,1,1,2026-03-06
TLT,1be3d75e-80c0-35d4-bf04-a0962bccd190,STORY,LQD Offers Broader Bonds and Higher Yield Than TLT,"Explore how LQD’s broader bond mix and TLT’s Treasury focus shape risk, yield, and diversification for fixed income portfolios.",2026-03-04 18:38:04+00:00,Motley Fool,https://www.fool.com/coverage/etfs/2026/03/04/lqd-offers-broader-bonds-higher-yield-than-tlt/,https://finance.yahoo.com/news/lqd-offers-broader-bonds-higher-183804502.html,premiumFinance,1,enriched_from_yahoo_news_latest,negative,-1.0,inflation_rates,3,2,1,2026-03-06
TLT,c3382379-2477-3dff-963e-4ec159416d1e,STORY,"MoneyMasters Bonus Podcast- How the Mideast War Impacts Oil, Gas,  US Stocks","War has erupted again in the Middle East, raising major questions for energy markets, inflation, and the global economy.",2026-03-04 14:45:00+00:00,MoneyShow,https://finance.yahoo.com/news/moneymasters-bonus-podcast-mideast-war-144500844.html,https://finance.yahoo.com/news/moneymasters-bonus-podcast-mideast-war-144500844.html,premiumFinance,0,enriched_from_yahoo_news_latest,positive,1.0,inflation_rates,3,1,1,2026-03-06
